label,auc
Atelectasis,0.8153051549550644
Cardiomegaly,0.9060718320156774
Consolidation,0.8036554328196643
Edema,0.8936322471536992
Effusion,0.8836960300698395
Emphysema,0.9194872696498604
Fibrosis,0.8198638697663568
Hernia,0.9328322816778
Infiltration,0.7133807663004743
Mass,0.8448163295749785
Nodule,0.7773832512658069
Pleural_Thickening,0.7879774592508123
Pneumonia,0.7580943581103352
Pneumothorax,0.8728329963805976
