label,auc
No Finding,0.2681866383890107
Cardiomegaly,0.5735707779304386
Lung Lesion,0.6740863869070794
Edema,0.7096978577832778
Consolidation,0.6564937654011344
Pneumonia,0.6259095926569034
Atelectasis,0.513689897771877
Pneumothorax,0.7329618822939182
